{"cameraMode":{"drawMode":0,"name":"Shaded","section":"Shading Mode"},"sceneLighting":false,"audioPlay":false,"sceneViewState":{"m_AlwaysRefresh":false,"showFog":true,"showSkybox":false,"showFlares":true,"showImageEffects":true,"showParticleSystems":true,"showVisualEffectGraphs":true,"m_FxEnabled":true},"in2DMode":false,"pivot":{"x":-0.12028592824935913,"y":-1.3255711793899537,"z":1.5376702547073365},"rotation":{"x":-0.2535393536090851,"y":-0.27063092589378359,"z":0.07408657670021057,"w":-0.9257492423057556},"size":2.225478172302246,"orthographic":false}