{"cameraMode":{"drawMode":0,"name":"Shaded","section":"Shading Mode"},"sceneLighting":false,"audioPlay":false,"sceneViewState":{"m_AlwaysRefresh":false,"showFog":true,"showSkybox":false,"showFlares":true,"showImageEffects":true,"showParticleSystems":true,"showVisualEffectGraphs":true,"m_FxEnabled":true},"in2DMode":false,"pivot":{"x":-0.6542336940765381,"y":-0.05228886753320694,"z":0.5060825943946838},"rotation":{"x":-0.19610074162483216,"y":0.41047537326812746,"z":-0.09079977124929428,"w":-0.885948657989502},"size":2.207108736038208,"orthographic":false}