{"cameraMode":{"drawMode":0,"name":"Shaded","section":"Shading Mode"},"sceneLighting":false,"audioPlay":false,"sceneViewState":{"m_AlwaysRefresh":false,"showFog":true,"showSkybox":false,"showFlares":true,"showImageEffects":true,"showParticleSystems":true,"showVisualEffectGraphs":true,"m_FxEnabled":true},"in2DMode":false,"pivot":{"x":-0.10335743427276612,"y":0.46143797039985659,"z":1.1024699211120606},"rotation":{"x":0.27075889706611636,"y":0.5041079521179199,"z":-0.17017026245594026,"w":0.8022980093955994},"size":2.0660271644592287,"orthographic":false}