{"cameraMode":{"drawMode":0,"name":"Shaded","section":"Shading Mode"},"sceneLighting":false,"audioPlay":false,"sceneViewState":{"m_AlwaysRefresh":false,"showFog":true,"showSkybox":false,"showFlares":true,"showImageEffects":true,"showParticleSystems":true,"showVisualEffectGraphs":true,"m_FxEnabled":true},"in2DMode":false,"pivot":{"x":0.1916714310646057,"y":0.338903546333313,"z":-0.18510717153549195},"rotation":{"x":0.06930942088365555,"y":0.7936157584190369,"z":-0.09207484871149063,"w":0.5974387526512146},"size":1.6071088314056397,"orthographic":false}